query,clicks,impressions,ctr,position,type
worku,49,385,12.73%,3.29,brand
worku.tn,4,85,4.71%,16.08,brand
talent tunisie,1,14,7.14%,9.21,non-brand
work,1,11,9.09%,16.09,non-brand
recherche de société,1,2,50%,4.5,non-brand
chasseur de tete tunisie,1,2,50%,14.5,non-brand
wokwu,1,1,100%,1.0,non-brand
b2b tunisie,0,127,0%,7.94,non-brand
work u,0,43,0%,4.84,brand
outsourcing tunisie,0,25,0%,69.84,non-brand
annuaire des professionnels tunisiens,0,17,0%,52.41,non-brand
développeur web,0,12,0%,1.92,non-brand
b2b tunisia,0,11,0%,8.0,non-brand
offre d'emploi développeur web,0,9,0%,1.0,non-brand
développeur web tunisie,0,8,0%,2.5,non-brand
offres d'emploi développeur web,0,7,0%,1.0,non-brand
aiventu,0,7,0%,50.57,non-brand
offer de emploi,0,6,0%,1.0,non-brand
développeur full stack offre d'emploi,0,6,0%,2.17,non-brand
offre d'emploi développeur,0,6,0%,2.33,non-brand
offre emploi developpeur web,0,6,0%,2.83,non-brand
recruitium,0,6,0%,7.33,non-brand
offre d'emploi intégrateur web,0,5,0%,1.0,non-brand
offre de emploi,0,5,0%,1.0,non-brand
offre d'emploi developpeur web,0,5,0%,1.4,non-brand
profils,0,5,0%,10.0,non-brand
employeur de référence en tunisie,0,5,0%,77.6,non-brand
offre d'emploi développeur full stack,0,4,0%,1.0,non-brand
développeur full stack junior,0,4,0%,1.75,non-brand
développeur web emploi,0,4,0%,1.75,non-brand
renseignement commercial tunisie,0,4,0%,10.5,non-brand
developpement web offre emploi,0,3,0%,1.0,non-brand
offre emploi développeur web,0,3,0%,1.0,non-brand
"""الشركة التونسية للبنك"" -site:reddit.com -site:twitter.com -site:x.com
-site:wykop.pl -site:tripadvisor.com -site:youtube.com -site:yelp.com
-site:booking.com -site:facebook.com -site:instagram.com -site:tiktok.com",0,3,0%,1.33,non-brand
full stack developer jobs,0,3,0%,2.67,non-brand
developpeur tunisie,0,3,0%,3.0,non-brand
work.u,0,3,0%,5.0,non-brand
recruiter tn,0,3,0%,6.33,non-brand
"""stb bank tunisie"" ""stb tunisie"" -site:reddit.com -site:twitter.com
-site:x.com -site:wykop.pl -site:tripadvisor.com -site:youtube.com
-site:yelp.com -site:booking.com -site:facebook.com -site:instagram.com
-site:tiktok.com",0,3,0%,7.67,non-brand
profil recherché,0,3,0%,7.67,non-brand
linedata,0,3,0%,19.0,non-brand
recruter.tn,0,3,0%,65.33,non-brand
developpeur mobile,0,2,0%,1.0,non-brand
developpeur web offre d'emploi,0,2,0%,1.0,non-brand
développement web emploi,0,2,0%,1.0,non-brand
emploi developpeur web,0,2,0%,1.0,non-brand
full stack java developer,0,2,0%,1.0,non-brand
fullstack developer jobs,0,2,0%,1.0,non-brand
offre d'emploi développement web,0,2,0%,1.0,non-brand
"""vermeg"" -site:reddit.com -site:twitter.com -site:x.com -site:wykop.pl
-site:tripadvisor.com -site:youtube.com -site:yelp.com -site:booking.com
-site:facebook.com -site:instagram.com -site:tiktok.com",0,2,0%,2.0,non-brand
offre d'emploi developpeur full stack,0,2,0%,2.5,non-brand
recrutement développeur,0,2,0%,2.5,non-brand
vermeg recrutement,0,2,0%,2.5,non-brand
"""stb bank"" -site:reddit.com -site:twitter.com -site:x.com -site:wykop.pl
-site:tripadvisor.com -site:youtube.com -site:yelp.com -site:booking.com
-site:facebook.com -site:instagram.com -site:tiktok.com",0,2,0%,3.0,non-brand
oui,0,2,0%,3.5,non-brand
full stack developer tunisie,0,2,0%,4.0,non-brand
en tunisie,0,2,0%,4.5,non-brand
plateforme de recrutement,0,2,0%,5.5,non-brand
inpdp tunisie,0,2,0%,6.0,non-brand
recherche une entreprise,0,2,0%,6.0,non-brand
clictopay tunisie,0,2,0%,7.0,non-brand
quickly tn,0,2,0%,7.0,non-brand
b2b tunis,0,2,0%,9.0,non-brand
cherche u,0,2,0%,9.0,non-brand
talent tunisie recrutement,0,2,0%,10.0,non-brand
employee u,0,2,0%,20.5,non-brand
likely a business tunisie,0,2,0%,24.5,non-brand
recrutium,0,2,0%,26.0,non-brand
recruter tn,0,2,0%,38.0,non-brand
developer hiring,0,1,0%,1.0,non-brand
developpeur full stack,0,1,0%,1.0,non-brand
developpeur offre emploi,0,1,0%,1.0,non-brand
developpeur web,0,1,0%,1.0,non-brand
développeur en informatique,0,1,0%,1.0,non-brand
développeur full stack,0,1,0%,1.0,non-brand
développeur informatique,0,1,0%,1.0,non-brand
développeur mobile,0,1,0%,1.0,non-brand
développeur offre d'emploi,0,1,0%,1.0,non-brand
développeur web offre d'emploi,0,1,0%,1.0,non-brand
emploi développeur,0,1,0%,1.0,non-brand
emploi développeur java,0,1,0%,1.0,non-brand
emploi développeur web,0,1,0%,1.0,non-brand
job développeur,0,1,0%,1.0,non-brand
offre d emploi developpeur web,0,1,0%,1.0,non-brand
offre emploi développeur,0,1,0%,1.0,non-brand
recrutement developpeur informatique,0,1,0%,1.0,non-brand
recrutement developpeur web,0,1,0%,1.0,non-brand
societe autour de moi,0,1,0%,1.0,non-brand
web emploi,0,1,0%,1.0,non-brand
web job,0,1,0%,1.0,non-brand
woek,0,1,0%,1.0,non-brand
work hu,0,1,0%,1.0,non-brand
cherche compagnie,0,1,0%,2.0,non-brand
leoni recrutement 2026,0,1,0%,2.0,non-brand
offre developpeur full stack,0,1,0%,2.0,non-brand
agence de prospection b2b,0,1,0%,3.0,non-brand
développement web tunisie,0,1,0%,3.0,non-brand
développeur,0,1,0%,3.0,non-brand
recrutement développeur full stack,0,1,0%,3.0,non-brand
workrecruiter,0,1,0%,3.0,non-brand
développeur web recrutement,0,1,0%,4.0,non-brand
emploi développeur junior,0,1,0%,4.0,non-brand
offre d'emploi developpeur,0,1,0%,4.0,non-brand
poste développeur web,0,1,0%,4.0,non-brand
recherche pro,0,1,0%,4.0,non-brand
work you,0,1,0%,4.0,non-brand
developer jobs,0,1,0%,5.0,non-brand
développeur informatique emploi,0,1,0%,5.0,non-brand
développeur java,0,1,0%,5.0,non-brand
développeur junior,0,1,0%,5.0,non-brand
développeur tunisie,0,1,0%,5.0,non-brand
offre développeur web,0,1,0%,5.0,non-brand
pa trouve tunisie,0,1,0%,5.0,non-brand
poste developpeur,0,1,0%,5.0,non-brand
u recrutement,0,1,0%,5.0,non-brand
ciaple,0,1,0%,6.0,non-brand
je veux la liste,0,1,0%,6.0,non-brand
ou travaille,0,1,0%,6.0,non-brand
société de sourcing,0,1,0%,6.0,non-brand
tn talent,0,1,0%,6.0,non-brand
...,0,1,0%,7.0,non-brand
employeur actuel,0,1,0%,7.0,non-brand
pour mon entreprise,0,1,0%,7.0,non-brand
recherche entreprise,0,1,0%,7.0,non-brand
profils recherchés,0,1,0%,8.0,non-brand
vermeg,0,1,0%,8.0,non-brand
recherche d une entreprise,0,1,0%,9.0,non-brand
recrutement u,0,1,0%,9.0,non-brand
talents.tn,0,1,0%,9.0,non-brand
des entreprises qui recrutent,0,1,0%,10.0,non-brand
les profils,0,1,0%,10.0,non-brand
likedu,0,1,0%,10.0,non-brand
prospectalo,0,1,0%,10.0,non-brand
recherche de,0,1,0%,10.0,non-brand
recretem,0,1,0%,10.0,non-brand
recu0,0,1,0%,10.0,non-brand
talent up tunisie telecom,0,1,0%,10.0,non-brand
sourcing en arabe,0,1,0%,12.0,non-brand
manwork tunisie,0,1,0%,27.0,non-brand
ooredoo tunisie,0,1,0%,28.0,non-brand
soresco,0,1,0%,29.0,non-brand
tunisie manager,0,1,0%,34.0,non-brand
worsource,0,1,0%,37.0,non-brand
businessu,0,1,0%,38.0,non-brand
toowork tunisie,0,1,0%,38.0,non-brand
chercheurs d'emploi,0,1,0%,40.0,non-brand
mantu tunisie,0,1,0%,42.0,non-brand
cognira tunisia,0,1,0%,46.0,non-brand
les sites d'emploi en tunisie,0,1,0%,47.0,non-brand
works 4 u,0,1,0%,49.0,non-brand
cognira tunisie,0,1,0%,55.0,non-brand
copywriting tunisie,0,1,0%,58.0,non-brand
"""vermeg"" mail email",0,1,0%,67.0,non-brand
recruitment,0,1,0%,81.0,non-brand
